BRANCHID,BRANCHNAME,LOCATION,MANAGER,CONTACTNUMBER
1,Howe Inc,North Joemouth,Albert Kelley,837-733-4954x013
2,"Rivera, Lindsey and Martin",Amberside,Zachary Roberts,959.268.7611
3,Holland-Cole,North Diane,Kevin Escobar,001-764-257-2960x77071
4,"Young, Carroll and Miller",South Jamesport,Erica Sweeney,9186206081
5,Church LLC,South Brianchester,Lindsay Coleman,329-625-0873
6,Garrett LLC,East Paul,Caroline Harrison,606-947-8349
7,Young Group,Garrisonland,Amber Reyes,(999)527-2940
8,Smith LLC,Johnton,Tyler James,497-433-6603
9,Brooks Inc,Lake Regina,Kara Hill,793-732-9108x114
10,"Lindsey, Moore and Edwards",West Stephen,Bryan Golden,566-305-7357
11,"Flores, Wright and Smith",Theresaton,Cynthia Williams,(219)893-2764
12,Bartlett Ltd,Vanessachester,Justin Merritt,001-281-669-8552x6808
13,Simmons-Lowe,North Cassandra,Melanie Nichols,468-786-4859x563
14,Dickerson Inc,Deleonville,Jeffery Cruz,976-521-1263x64684
15,Burns-Garcia,Smithside,Dr. Rebecca Martin MD,(752)702-4710x570
16,Fields-Gonzales,East Gary,Jennifer Burton,001-634-252-3979x8601
17,Blair PLC,New Kathryn,Tony Reid,001-239-829-3155x73927
18,Acosta-Mendoza,New Kathrynstad,Ryan Black,265-531-4162
19,"Miller, Johnson and Baker",North Elizabeth,Sarah Bush,490-835-3627
20,Martinez-James,South Tammyville,Mikayla Gibbs,342-442-4723x167
21,Morgan and Sons,Harrismouth,Christina West,(433)469-1287x27549
22,"Kirk, Giles and Prince",Traciehaven,Samantha Elliott,880.561.2490
23,Jenkins-Chung,Hallville,Brandon Estrada,335-308-5496
24,Jackson-Holmes,South Jorgeside,Krista Evans DVM,+1-485-370-3604x77246
25,Griffin-Robinson,Sherrychester,Amanda Richardson,9147244173
26,Luna Group,South Anthonyfort,Julie Navarro,606-721-1281
27,Kelly-Davis,South Lisa,Michael Wells II,001-325-420-2404
28,Hensley-Robbins,South Courtneymouth,Jasmine Perez,(274)397-8006x73800
29,Martinez-Davenport,East Aaron,Gabrielle Shelton,337-729-7018x9282
30,Johnson-Reyes,Lake Laura,George Curry,(752)740-6077
31,Nichols-Munoz,Jonesstad,Jessica Fry,(285)426-4795
32,"Glover, Dunn and Andersen",Nicolehaven,Jessica Villarreal,001-945-561-4226x524
33,"Miller, Chambers and White",Whiteberg,Dawn Page,+1-219-405-7973x86886
34,Morales and Sons,Vincentton,Thomas Singleton,+1-755-203-7488
35,Mills and Sons,Port Brittany,Meghan Thompson,7162900417
36,Smith-Henderson,Chaseton,Ryan Moreno,632.727.8458
37,Garrett and Sons,West Leah,Jonathan Blankenship,2587963187
38,Stewart and Sons,Darrenport,Michael Knapp Jr.,478-296-4030
39,Butler-Martin,South Barry,Brittany Hall,+1-417-214-1046
40,Ballard-Huffman,Ryanstad,Stephanie Hurst,(955)757-7873
41,Montgomery-Taylor,Keithmouth,Jonathon Shelton,6273521828
42,Dalton-Johnston,West Chaseshire,Hannah Lynch,835-533-0864
43,"Fuentes, Lopez and Smith",Hornhaven,Diana Glass,893-974-8724
44,Williams-Miller,Moraville,Cheyenne Wagner,+1-421-686-3271x71158
45,"Snow, Gardner and Carlson",Ramirezport,David Hawkins,(391)530-6951x517
46,Harvey and Sons,Brittneyborough,Kimberly Shelton,263-475-1373
47,Barnes LLC,East Brittanyport,Steven Thompson,+1-247-701-6769x4779
48,"Goodwin, Charles and Burch",Changfurt,Sandra Morrow,949-600-9189
49,"Cummings, Gilbert and Cook",Bethanymouth,Kendra Escobar,536-634-0237x096
50,Rodriguez Inc,Edwardville,Scott Jones,820-708-7537x840
51,Levy-Anderson,Dianebury,Tara Vasquez,001-537-460-4515x525
52,Brandt-Morgan,North Daniel,Julia Watson,730-760-8329x19312
53,Ramirez-Ramsey,New Thomas,Sara Burns,+1-563-561-8437
54,Taylor Group,South Nichole,Timothy Stephens,800.270.2510
55,Strickland Inc,Troyville,Alexa Hart,+1-209-787-0698x81543
56,Cook and Sons,East Dale,Rachel Nelson,(790)507-5586x22567
57,Beasley-Butler,Franklinhaven,Jose Benitez,+1-499-745-2062x8222
58,Rosales-Gilbert,Colemanport,Craig Brown,(556)548-6188x9911
59,Miller-Dudley,North Amberfurt,Kim Brown,(984)555-0991
60,Smith Ltd,South Alexandriabury,Brittany Williams,(263)880-2848
61,"Young, Hunter and Brown",Holtbury,Michael Little,(874)485-6284
62,Walker-Shepard,Jeremyhaven,Michael Russell,(335)692-9873
63,Schultz-Sanchez,Mccormickville,Crystal Olson,+1-376-549-0212x698
64,"Gonzales, Scott and Tate",Williamsstad,Claudia Barrett MD,621-322-5340
65,Gutierrez Group,South Emilymouth,Marcus Fowler,+1-985-666-1477
66,Simmons Ltd,New Jimmy,Marc Pierce,001-409-239-6895x1368
67,"Gonzalez, Taylor and Clark",Tuckerhaven,Makayla Spencer,475-612-9342x659
68,Mccoy-Singh,Allenberg,Joshua Carpenter,(289)309-3134x49241
69,"Mosley, Taylor and Castro",North Marcofort,Mark Wright,477-943-7357x242
70,Jackson-Herrera,Jonathanmouth,Kari Young,+1-403-321-1659
71,Hernandez LLC,Danielberg,Jennifer Montgomery,+1-670-839-6693
72,"Williams, Patterson and May",West Richard,Aaron Thompson,+1-867-342-5652x54558
73,Rivera-Martinez,South Alejandroshire,Lauren Stevens,748-224-7411x420
74,Gillespie-Richards,South Phillipstad,James Berry,+1-946-659-1708x19646
75,Wise-Pace,West Anthony,Deborah Hill,(840)844-6025x43568
76,"Riggs, Johnson and Hancock",South Alexander,Michele Ayala,967.388.0441x075
77,"Summers, Lloyd and Acosta",New Mary,Robert Jackson,9504727003
78,Norton-Walker,Rhondaville,Melissa Blankenship,(869)499-5321x9220
79,Obrien PLC,Port Ruth,Michael Aguilar,+1-621-626-0629x696
80,Tyler Inc,New Cassidy,Angela Scott,+1-482-599-7458
81,Anderson Group,East Tara,Eric Marsh,(269)434-3430x61586
82,Kaiser LLC,Port Luis,Sarah Martinez,798-533-9595
83,Johnson-Martin,North Brianborough,Raymond Delacruz,857-798-0930
84,Cline PLC,Lake Jeffreystad,Amber Vasquez,216.577.9553x593
85,Williams Inc,Jonestown,Richard Pham,(356)265-2927
86,"Lin, Garcia and Mclaughlin",New Jessica,Alexis West,(290)513-9838x13049
87,Figueroa Ltd,Janeville,Thomas Simmons,474-729-7855x363
88,"Beard, Quinn and Cruz",Port Nicole,Robert Williams,(592)879-3205x38613
89,Rodriguez-Fleming,Bryanfort,Steven Castillo,(258)360-0050
90,Clark and Sons,Richardsonmouth,Derrick Perez,247-950-6831x3117
91,Villegas-Jackson,Hernandezstad,Lindsey Pope,9225731134
92,Baldwin-Morgan,Mendeztown,Mr. William Walls DDS,378.323.0648x6415
93,Church-Blankenship,Georgetown,Morgan Frederick,4426466822
94,Reed Inc,Hernandezville,Katherine Woods,573-376-2670
95,Lee-Mcneil,East Jasonmouth,Cheryl Richardson,001-960-705-5639x12174
96,Clay-Mccall,Christensenport,Kathryn Morales,628-833-7173x0248
97,Martin-Jackson,Darrenport,Carol Barnes,856-797-8125
98,Chan Ltd,East Amytown,Kimberly Smith,+1-408-385-1486x2056
99,"Morales, Greene and Morales",Melaniechester,Lauren Ross,7766950100
100,Richardson-Sanchez,North Matthew,Rebecca Griffith,001-525-486-8932x76247
