BranchID,BranchName,Location,Manager,ContactNumber
1,"Benton, Johnson and Holland",East Ralphton,Brian Vincent,001-255-951-1802x3892
2,Hull Group,Danatown,Michael Wright,707-678-5902x9854
3,"Miranda, Rose and Rodriguez",Lake Wendyville,Jennifer Castro,+1-602-875-9832
4,Crane Group,Williammouth,Christie Smith,(796)550-5910
5,Robinson Inc,Brownland,Aaron Clay,001-306-881-5650x9489
6,"Mcdaniel, Beck and Cunningham",Garyberg,Robert Esparza,998-906-1953
7,Carr-Mccormick,North Tracymouth,John Russell,001-813-503-8950
8,"Martin, York and Guerrero",North Destiny,Brian Jackson,001-975-838-7295x979
9,"Peterson, Mccullough and Figueroa",North Antoniofort,Earl Ross,537.372.6116x708
10,Weaver-Davis,Stephanieburgh,John Gilmore,984.656.5117
11,Bright-Johnson,Michellefurt,Victor Davis,(879)944-7271x427
12,Wallace PLC,Nicholasland,Larry Little,+1-777-806-5460
13,Brown-Trujillo,Lake Dustin,Amanda Ferguson,+1-885-297-3192x7214
14,Murphy Group,Marcton,Kevin Baker,317-526-5606
15,Johnson-Jones,Lake Ericfurt,Lisa Schroeder,001-515-301-7920x97206
16,Frederick-Cummings,North Hollyfurt,Holly Berger,355.369.8672x627
17,Moyer-Chapman,Lake Shannon,Kenneth Kelley,+1-893-623-2595x93788
18,"Fox, Carrillo and Adams",Caitlinborough,Jared Wilson,+1-758-578-9947x33718
19,"Santos, Kim and Levine",Collinsshire,John Lang,+1-472-332-8460x45993
20,"Glenn, Reynolds and Gilbert",Washingtonside,Jordan Brown,322.501.5410
21,Robinson PLC,East Robertfurt,Chelsea Odom,845-444-7504x569
22,"Cooper, Allen and Montoya",Mooreside,Laura Gonzalez,(352)673-3482x36418
23,Reyes-Ball,South Joshua,David Leon,(676)841-3580x622
24,"Browning, Moyer and Marshall",Tylerburgh,Stephanie Schultz,741-966-1600x070
25,"Bradley, Diaz and Chen",Stoneville,Amanda Beltran,367.582.0258
26,Williams and Sons,South Peterfurt,Julia Jones,476-827-5091x01730
27,Montgomery-Henderson,Ramirezport,Lisa Schaefer,993.679.8890
28,"Martinez, Mccann and Andrews",New Veronica,Miguel Schwartz,361.867.0267x175
29,Jackson-Bowen,Lake Julieport,Andrea Mathews,(225)775-0597
30,"Ponce, Kelly and Beasley",East Katrina,Natalie Russell,(766)469-5388
31,Cooper Inc,Escobarchester,Austin Jordan,001-265-494-6667x5920
32,"Mccormick, Robinson and Barnes",West Richardport,Brooke Good,+1-203-378-4861
33,Trujillo and Sons,Lake Mistyhaven,Jessica Clements,947-852-2121x47042
34,Soto-Dominguez,Richardport,Jennifer Bradford,+1-828-305-6080x040
35,Reed Inc,South Tamara,Sharon Brewer,001-399-853-3333
36,Moore Ltd,Lake Christopher,Seth Sharp,610.819.3180x44175
37,"Vaughan, Russell and Carroll",Beckbury,Joseph Brooks,6895320930
38,"Spears, Tapia and Burton",Hardinhaven,Mrs. Lynn Wolfe,701.526.4803
39,Martin-Rose,Ericaborough,Charles Reed,230-723-5818x7954
40,Woods-Hurst,Rhondaberg,Robert Wood,(387)535-4514x44021
41,Adams Group,Mcintoshstad,Carl Love,001-915-858-6887
42,Copeland LLC,East Jason,Jonathan Butler,224.289.5148x254
43,Cooley-Roth,Strongview,Carmen Wheeler,+1-679-834-6539x3874
44,Jones LLC,Humphreyburgh,Julie Gray,(794)351-1352x4195
45,Rodriguez-Stewart,Jonesside,Gregory Alvarez,001-365-658-1620
46,Fowler and Sons,South Nicholas,Jacob Ortega,540.351.7496x31399
47,Hogan LLC,New Jonathanchester,Laura Smith,001-801-975-4028x3427
48,"Green, Gibson and Stephens",Lake Samanthabury,Heather Nguyen,2008088150
49,"Martinez, Martinez and Dennis",East Jermaine,Angel Lane,001-963-599-3027x50092
50,Marsh Inc,Port Joshua,William Gomez,892-215-2878
51,Schroeder-Horn,Davisside,Lance Castro,+1-287-809-5589x70690
52,"Rivera, Baker and Baker",Nicoleville,Vickie Ward,976-904-5385x788
53,Castro Ltd,East Kevinshire,Alex Bates,662-761-1830
54,Ray-Thomas,Beverlymouth,Daniel Davis,554-398-9878x34475
55,Callahan LLC,South David,Samantha Russo,298-919-3139x4149
56,Craig-Brown,Christineview,David Benjamin,6748412813
57,"Cohen, Meyers and Hudson",Williamsmouth,Brandon Wise,741-679-0524
58,"Cook, Dixon and Bennett",New Jared,Corey Thomas,285-264-9589x155
59,"Valdez, Barrett and Jackson",Kristinaton,Angela Whitaker,7423393432
60,Williams-Gill,East Sarah,Meredith Williams,934.822.8748x14180
61,"Ali, Patterson and Bright",East Lawrence,Jessica Robinson,001-889-608-6619x86298
62,Phillips Ltd,New Andrea,Douglas Hoover,001-286-692-2014x5362
63,Lewis LLC,South Amyport,John Lynch,001-213-382-6595x6327
64,Stout LLC,North Steven,Wanda Jackson,(512)789-5293x393
65,Vargas Inc,Luisland,Tammy Terry,001-683-877-4580x9166
66,Weaver-Rodriguez,East Williamstad,James Stephens,864.695.2984
67,"Garcia, Young and Young",Martinezville,James Davis,+1-538-237-4078
68,"Cunningham, Rivers and Chen",Suttonborough,Jennifer Mills,301-456-7025
69,Williams Ltd,New Susan,Allison Black,(844)875-0823x7673
70,"David, Hall and Cook",New Karenstad,Jose Taylor,(541)295-3579
71,"Graham, Schmitt and Mcdonald",Stephanieberg,Dr. Danielle Gonzales,+1-527-815-0096
72,Jordan and Sons,Lake Danielmouth,Ana Webster,705.939.8416
73,Johnson-Gallagher,Port Brandon,Edward House,298.311.3664x917
74,"Richardson, Arnold and Mckinney",West Emilyville,Melissa Carney,001-641-363-3218x60690
75,Lucero-Taylor,East Matthewborough,Emily Molina,+1-523-953-8713
76,Clark Inc,Carrollberg,Curtis Collins,341-402-0664x87337
77,Campbell-Valdez,North Nathanfurt,Diane Petty,585.834.4634x96191
78,Bauer Group,Andreahaven,Richard Conley,938.518.6347x6943
79,Munoz Group,Matthewtown,Matthew Morgan,858.714.8023x34214
80,Richards-Reed,Miguelland,Greg Hill,932-300-3455
81,Kaufman and Sons,New Nicolefort,Jessica Cochran,(597)239-2113
82,"Young, Cooper and Morales",Lake Shannon,Barbara Moreno,829.881.6665
83,"Wolf, Williams and Perez",Jacquelineborough,Scott King,+1-937-216-8023x6973
84,Sparks-Herring,Lake Michael,Benjamin Wong,667-840-7565x16251
85,Eaton-Anderson,West Anthony,Dawn Beck,700-793-4689x97738
86,Glenn-Ramos,Lake Lisa,Lisa Mathis,224.571.3244x27798
87,Stewart Ltd,Port Edward,Sara Larson,670.736.3198
88,Gaines PLC,Willieton,Sonya Kennedy,(956)583-9460
89,Rowe PLC,New Jeremyside,Leslie Lee,264-818-8829
90,"Scott, Allen and Small",New Gregchester,Todd Webb,296.953.4615x91305
91,Aguilar PLC,Amytown,Patricia Green,510.919.4581x4437
92,Rivas-Garcia,Duncanborough,Dawn Lee,(461)356-1750x473
93,Wallace and Sons,Lake Ryantown,Eric Johnson,+1-450-414-6793x449
94,King LLC,Larryville,Jack Richards,001-488-716-8128x7896
95,Vasquez Inc,Lake Brittany,Leah Cruz,001-366-538-1056x10350
96,"Taylor, Mendez and Powell",Robinland,Michele Sanchez,001-511-785-1303x58835
97,Khan-Reyes,Juliebury,Denise Davis,(923)409-7385x965
98,Wood Group,Perezton,Stephanie Jones,001-283-362-1733x049
99,Johnson-Bray,Shannonshire,Catherine Velasquez,001-858-447-6487
100,Molina Group,Sanchezville,John Mills,(457)755-7905x859
